{"cameraMode":{"drawMode":0,"name":"Shaded","section":"Shading Mode"},"sceneLighting":false,"audioPlay":false,"sceneViewState":{"showFog":true,"showMaterialUpdate":false,"showSkybox":false,"showFlares":true,"showImageEffects":true,"showParticleSystems":true},"in2DMode":false,"pivot":{"x":-0.1120000034570694,"y":0.6395999789237976,"z":1.7517000436782838},"rotation":{"x":0.6083924770355225,"y":0.021670518442988397,"z":-0.016621602699160577,"w":0.7931663393974304},"size":22.0,"orthographic":false}