{"cameraMode":{"drawMode":0,"name":"Shaded","section":"Shading Mode"},"sceneLighting":true,"audioPlay":false,"sceneViewState":{"showFog":true,"showMaterialUpdate":false,"showSkybox":true,"showFlares":true,"showImageEffects":true,"showParticleSystems":true},"in2DMode":false,"pivot":{"x":-0.03333684056997299,"y":0.6400982737541199,"z":7.3512420654296879},"rotation":{"x":0.04530340060591698,"y":0.003310977015644312,"z":-0.00014965434093028307,"w":0.9989678263664246},"size":8.461066246032715,"orthographic":false}