{"cameraMode":{"drawMode":0,"name":"Shaded","section":"Shading Mode"},"sceneLighting":true,"audioPlay":false,"sceneViewState":{"showFog":true,"showMaterialUpdate":false,"showSkybox":true,"showFlares":true,"showImageEffects":true,"showParticleSystems":true},"in2DMode":false,"pivot":{"x":-1.1288025379180909,"y":-19.359670639038087,"z":4.213359832763672},"rotation":{"x":0.6333067417144775,"y":0.0002432244800729677,"z":-0.00019876999431289732,"w":0.7739008665084839},"size":18.452075958251954,"orthographic":true}