{"cameraMode":{"drawMode":0,"name":"Shaded","section":"Shading Mode"},"sceneLighting":true,"audioPlay":false,"sceneViewState":{"showFog":true,"showMaterialUpdate":false,"showSkybox":true,"showFlares":true,"showImageEffects":true,"showParticleSystems":true},"in2DMode":false,"pivot":{"x":-0.1396966427564621,"y":0.012311697006225586,"z":2.1953341960906984},"rotation":{"x":0.18670868873596192,"y":-0.001477549085393548,"z":0.00028076235321350396,"w":0.982414186000824},"size":5.490894317626953,"orthographic":false}